"","tree_species","id","dbh_cm","time","removal_height_cm","quantity_removed","distance_from_site_m","observers"
"1","White Pine","159-1",7,"10:30","<40","low",0,"Noa, Riana, Kenneth"
"2","White Pine","159-1",7,"10:30",">40","low",0,"Noa, Riana, Kenneth"
"3","White Pine","159-1",7,"10:30","out of reach","high",0,"Noa, Riana, Kenneth"
"4","Oak","159-2",13.5,"10:30","<40","high",0,"Noa, Riana, Kenneth"
"5","Oak","159-2",13.5,"10:30",">40","low",0,"Noa, Riana, Kenneth"
"6","Oak","159-2",13.5,"10:30","out of reach","medium",0,"Noa, Riana, Kenneth"
"7","White Pine","159-3",12.5,"10:30","<40","high",2,"Noa, Riana, Kenneth"
"8","White Pine","159-3",12.5,"10:30",">40","medium",2,"Noa, Riana, Kenneth"
"9","White Pine","159-3",12.5,"10:30","out of reach","high",2,"Noa, Riana, Kenneth"
"10","White Pine","159-4",9,"10:30","<40","low",2,"Noa, Riana, Kenneth"
"11","White Pine","159-4",9,"10:30",">40","low",2,"Noa, Riana, Kenneth"
"12","White Pine","159-4",9,"10:30","out of reach","low",2,"Noa, Riana, Kenneth"
"13","Maple","159-5",8,"10:30","<40","low",1,"Noa, Riana, Kenneth"
"14","Maple","159-5",8,"10:30",">40","low",1,"Noa, Riana, Kenneth"
"15","Maple","159-5",8,"10:30","out of reach","low",1,"Noa, Riana, Kenneth"
"16","Maple","159-6",5.5,"10:30","<40","low",2,"Noa, Riana, Kenneth"
"17","Maple","159-6",5.5,"10:30",">40",NA,2,"Noa, Riana, Kenneth"
"18","Maple","159-6",5.5,"10:30","out of reach",NA,2,"Noa, Riana, Kenneth"
"19","Maple","159-7",3.5,"10:30","<40","low",2,"Noa, Riana, Kenneth"
"20","Maple","159-7",3.5,"10:30",">40","low",2,"Noa, Riana, Kenneth"
"21","Maple","159-7",3.5,"10:30","out of reach","low",2,"Noa, Riana, Kenneth"
"22","Maple","159-8",NA,"10:30","<40","low",2,"Noa, Riana, Kenneth"
"23","Maple","159-8",NA,"10:30",">40",NA,2,"Noa, Riana, Kenneth"
"24","Maple","159-8",NA,"10:30","out of reach","low",2,"Noa, Riana, Kenneth"
"25","Birch","159-9",14,"11:30","<40","high",2,"Noa, Riana, Kenneth"
"26","Birch","159-9",14,"11:30",">40","medium",2,"Noa, Riana, Kenneth"
"27","Birch","159-9",14,"11:30","out of reach","medium",2,"Noa, Riana, Kenneth"
"28","Oak","159-10",24,"11:30","<40","low",1,"Noa, Riana, Kenneth"
"29","Oak","159-10",24,"11:30",">40",NA,1,"Noa, Riana, Kenneth"
"30","Oak","159-10",24,"11:30","out of reach","low",1,"Noa, Riana, Kenneth"
"31","Pine","159-11",20.5,"11:30","<40","low",1,"Noa, Riana, Kenneth"
"32","Pine","159-11",20.5,"11:30",">40",NA,1,"Noa, Riana, Kenneth"
"33","Pine","159-11",20.5,"11:30","out of reach","low",1,"Noa, Riana, Kenneth"
"34","Oak","159-12",15,"11:30","<40","high",1,"Noa, Riana, Kenneth"
"35","Oak","159-12",15,"11:30",">40","high",1,"Noa, Riana, Kenneth"
"36","Oak","159-12",15,"11:30","out of reach","high",1,"Noa, Riana, Kenneth"
"37","Maple","159-13",2.5,"11:30","<40","low",2,"Noa, Riana, Kenneth"
"38","Maple","159-13",2.5,"11:30",">40","low",2,"Noa, Riana, Kenneth"
"39","Maple","159-13",2.5,"11:30","out of reach",NA,2,"Noa, Riana, Kenneth"
"40","Maple","159-14",1,"11:30","<40","low",2,"Noa, Riana, Kenneth"
"41","Maple","159-14",1,"11:30",">40","low",2,"Noa, Riana, Kenneth"
"42","Maple","159-14",1,"11:30","out of reach",NA,2,"Noa, Riana, Kenneth"
"43","Oak","159-15",6,"11:30","<40",NA,2,"Noa, Riana, Kenneth"
"44","Oak","159-15",6,"11:30",">40",NA,2,"Noa, Riana, Kenneth"
"45","Oak","159-15",6,"11:30","out of reach","low",2,"Noa, Riana, Kenneth"
"46","Oak","159-16",5,"11:30","<40",NA,2,"Noa, Riana, Kenneth"
"47","Oak","159-16",5,"11:30",">40","low",2,"Noa, Riana, Kenneth"
"48","Oak","159-16",5,"11:30","out of reach","low",2,"Noa, Riana, Kenneth"
"49","Oak","159-17",5,"13:00","<40","low",2,"Riana, Kenneth"
"50","Oak","159-17",5,"13:00",">40",NA,2,"Riana, Kenneth"
"51","Oak","159-17",5,"13:00","out of reach","low",2,"Riana, Kenneth"
"52","Oak","159-18",60,"13:00","<40","high",1,"Riana, Kenneth"
"53","Oak","159-18",60,"13:00",">40","high",1,"Riana, Kenneth"
"54","Oak","159-18",60,"13:00","out of reach","high",1,"Riana, Kenneth"
"55","Oak","159-19",64,"13:00","<40","high",2,"Riana, Kenneth"
"56","Oak","159-19",64,"13:00",">40","high",2,"Riana, Kenneth"
"57","Oak","159-19",64,"13:00","out of reach","high",2,"Riana, Kenneth"
"58","Birch","159-20",5,"13:00","<40",NA,2,"Riana, Kenneth"
"59","Birch","159-20",5,"13:00",">40",NA,2,"Riana, Kenneth"
"60","Birch","159-20",5,"13:00","out of reach","low",2,"Riana, Kenneth"
"61","Pine","159-21",20,"13:00","<40","low",1,"Riana, Kenneth"
"62","Pine","159-21",20,"13:00",">40",NA,1,"Riana, Kenneth"
"63","Pine","159-21",20,"13:00","out of reach","low",1,"Riana, Kenneth"
"64","Pine","159-22",14,"13:00","<40","low",2,"Riana, Kenneth"
"65","Pine","159-22",14,"13:00",">40",NA,2,"Riana, Kenneth"
"66","Pine","159-22",14,"13:00","out of reach","high",2,"Riana, Kenneth"
"67","Birch","159-23",5,"13:00","<40",NA,2,"Riana, Kenneth"
"68","Birch","159-23",5,"13:00",">40","low",2,"Riana, Kenneth"
"69","Birch","159-23",5,"14:00","out of reach","low",2,"Riana, Kenneth"
"70","Maple","159-24",1,"14:00","<40",NA,1,"Riana, Kenneth"
"71","Maple","159-24",1,"14:00",">40","low",1,"Riana, Kenneth"
"72","Maple","159-24",1,"14:00","out of reach",NA,1,"Riana, Kenneth"
"73","Maple","159-25",3,"14:00","<40","low",2,"Riana, Kenneth"
"74","Maple","159-25",3,"14:00",">40","low",2,"Riana, Kenneth"
"75","Maple","159-25",3,"14:00","out of reach",NA,2,"Riana, Kenneth"
"76","Pine","159-26",11,"14:00","<40",NA,2,"Riana, Kenneth"
"77","Pine","159-26",11,"14:00",">40","low",2,"Riana, Kenneth"
"78","Pine","159-26",11,"14:00","out of reach",NA,2,"Riana, Kenneth"
"79","Maple","159-27",5,"14:00","<40","low",2,"Riana, Kenneth"
"80","Maple","159-27",5,"14:00",">40",NA,2,"Riana, Kenneth"
"81","Maple","159-27",5,"14:00","out of reach","medium",2,"Riana, Kenneth"
"82","Birch","159-28",3,"14:00","<40",NA,NA,"Riana, Kenneth"
"83","Birch","159-28",3,"14:00",">40","low",NA,"Riana, Kenneth"
"84","Birch","159-28",3,"14:00","out of reach",NA,NA,"Riana, Kenneth"
"85","White Pine","160-1",50.5,"10:50","<40","high",0,"Bella, Lingshan, Marie-Eve"
"86","White Pine","160-1",50.5,"10:50",">40","medium",0,"Bella, Lingshan, Marie-Eve"
"87","White Pine","160-1",50.5,"10:50","out of reach","high",0,"Bella, Lingshan, Marie-Eve"
"88","Red Oak","160-2",51,"10:50","<40","medium",0,"Bella, Lingshan, Marie-Eve"
"89","Red Oak","160-2",51,"10:50",">40","high",0,"Bella, Lingshan, Marie-Eve"
"90","Red Oak","160-2",51,"10:50","out of reach","high",0,"Bella, Lingshan, Marie-Eve"
"91","Red Oak","160-3",36.8,"10:50","<40","high",2,"Bella, Lingshan, Marie-Eve"
"92","Red Oak","160-3",36.8,"10:50",">40","high",2,"Bella, Lingshan, Marie-Eve"
"93","Red Oak","160-3",36.8,"10:50","out of reach","high",2,"Bella, Lingshan, Marie-Eve"
"94","White Birch","160-4",13.2,"11:20","<40","high",0,"Bella, Lingshan, Marie-Eve"
"95","White Birch","160-4",13.2,"11:20",">40","low",0,"Bella, Lingshan, Marie-Eve"
"96","White Birch","160-4",13.2,"11:20","out of reach","high",0,"Bella, Lingshan, Marie-Eve"
"97","White Birch","160-5",10.2,"11:20","<40","low",0,"Bella, Lingshan, Marie-Eve"
"98","White Birch","160-5",10.2,"11:20",">40","high",0,"Bella, Lingshan, Marie-Eve"
"99","White Birch","160-5",10.2,"11:20","out of reach","high",0,"Bella, Lingshan, Marie-Eve"
"100","White Birch","160-6",15.1,"11:20","<40","low",0,"Bella, Lingshan, Marie-Eve"
"101","White Birch","160-6",15.1,"11:20",">40",NA,0,"Bella, Lingshan, Marie-Eve"
"102","White Birch","160-6",15.1,"11:20","out of reach","low",0,"Bella, Lingshan, Marie-Eve"
"103","Red Maple","160-7",4.8,"11:20","<40","low",2,"Bella, Lingshan, Marie-Eve"
"104","Red Maple","160-7",4.8,"11:20",">40",NA,2,"Bella, Lingshan, Marie-Eve"
"105","Red Maple","160-7",4.8,"11:20","out of reach","low",2,"Bella, Lingshan, Marie-Eve"
"106","Red Maple","160-8",7.9,"11:20","<40","medium",2,"Bella, Lingshan, Marie-Eve"
"107","Red Maple","160-8",7.9,"11:20",">40","low",2,"Bella, Lingshan, Marie-Eve"
"108","Red Maple","160-8",7.9,"11:20","out of reach","high",2,"Bella, Lingshan, Marie-Eve"
"109","Red Maple","160-9",2.5,"11:45","<40",NA,2,"Bella, Lingshan, Marie-Eve"
"110","Red Maple","160-9",2.5,"11:45",">40","low",2,"Bella, Lingshan, Marie-Eve"
"111","Red Maple","160-10",2.5,"11:45","<40",NA,2,"Bella, Lingshan, Marie-Eve"
"112","Red Maple","160-10",2.5,"11:45",">40","low",2,"Bella, Lingshan, Marie-Eve"
"113","White Pine","160-11",2.5,"11:45","<40","low",1,"Bella, Lingshan, Marie-Eve"
"114","White Pine","160-11",2.5,"11:45",">40",NA,1,"Bella, Lingshan, Marie-Eve"
"115","White Pine","160-12",2.5,"11:45","<40","low",1,"Bella, Lingshan, Marie-Eve"
"116","White Pine","160-12",2.5,"11:45",">40",NA,1,"Bella, Lingshan, Marie-Eve"
"117","Red Maple","160-13",3.3,"11:45","<40","low",2,"Bella, Lingshan, Marie-Eve"
"118","Red Maple","160-13",3.3,"11:45",">40","low",2,"Bella, Lingshan, Marie-Eve"
"119","Red Maple","160-13",3.3,"11:45","out of reach",NA,2,"Bella, Lingshan, Marie-Eve"
"120","White Birch","160-14",6.1,"11:45","<40",NA,NA,"Bella, Lingshan, Marie-Eve"
"121","White Birch","160-14",6.1,"11:45",">40",NA,NA,"Bella, Lingshan, Marie-Eve"
"122","White Birch","160-14",6.1,"11:45","out of reach",NA,NA,"Bella, Lingshan, Marie-Eve"
"123","Dead tree","160-15",2.5,"11:45","<40","low",2,"Bella, Lingshan, Marie-Eve"
"124","Dead tree","160-15",2.5,"11:45",">40","low",2,"Bella, Lingshan, Marie-Eve"
"125","Dead tree","160-15",2.5,"11:45","out of reach",NA,2,"Bella, Lingshan, Marie-Eve"
"126","Dead tree","160-16",2,"11:45","<40","low",2,"Bella, Lingshan, Marie-Eve"
"127","Dead tree","160-16",2,"11:45",">40",NA,2,"Bella, Lingshan, Marie-Eve"
"128","Dead tree","160-16",2,"11:45","out of reach","low",2,"Bella, Lingshan, Marie-Eve"
"129","Silver Maple","160-17",25,"13:50","<40","high",2,"Emma, Lingshan, Bella"
"130","Silver Maple","160-17",25,"13:50",">40","low",2,"Emma, Lingshan, Bella"
"131","Red Oak","160-18",26.9,"13:54","<40","high",2,"Emma, Lingshan, Bella"
"132","Red Oak","160-18",26.9,"13:54",">40","medium",2,"Emma, Lingshan, Bella"
"133","White Pine","160-19",18.8,"14:00","<40","low",2,"Emma, Lingshan, Bella"
"134","White Pine","160-20",21.8,"14:00",">40","low",2,"Emma, Lingshan, Bella"
"135","White Pine","171-1",8.6,"15:55","<40","low",2,"Emma, Lingshan, Bella, Georgia C."
"136","White Pine","171-1",8.6,"15:55",">40",NA,2,"Emma, Lingshan, Bella, Georgia C."
"137","White Pine","171-2",4.2,"15:55","<40","low",2,"Emma, Lingshan, Bella, Georgia C."
"138","White Pine","171-2",4.2,"15:55",">40",NA,2,"Emma, Lingshan, Bella, Georgia C."
"139","White Pine","171-3",3.6,"15:55","<40","low",2,"Emma, Lingshan, Bella, Georgia C."
"140","White Pine","171-3",30.7,"15:55","<40","medium",2,"Emma, Lingshan, Bella, Georgia C."
"141","White Pine","171-4",30.7,"15:55",">40","low",2,"Emma, Lingshan, Bella, Georgia C."
"142","White Pine","171-5",39.1,"15:55","<40","medium",1,"Emma, Lingshan, Bella, Georgia C."
"143","White Pine","171-5",39.1,"15:55",">40","low",1,"Emma, Lingshan, Bella, Georgia C."
"144","White Pine","171-6",50,"15:55","<40","high",0,"Emma, Lingshan, Bella, Georgia C."
"145","White Pine","171-6",50,"15:55",">40","high",0,"Emma, Lingshan, Bella, Georgia C."
"146","White Pine","171-7",24.3,"15:55","<40","high",2,"Emma, Lingshan, Bella, Georgia C."
"147","White Pine","171-7",24.3,"15:55",">40","low",2,"Emma, Lingshan, Bella, Georgia C."
"148","White Pine","171-8",7.1,"15:55","<40","medium",2,"Emma, Lingshan, Bella, Georgia C."
"149","White Pine","171-8",7.1,"15:55",">40","low",2,"Emma, Lingshan, Bella, Georgia C."
"150","Red Maple","160-21",2.5,"14:05","<40","low",2,"Emma, Lingshan, Bella"
"151","Red Oak","160-22",46,"14:05","<40","high",2,"Emma, Lingshan, Bella"
"152","Red Oak","160-22",46,"14:05",">40","high",2,"Emma, Lingshan, Bella"
"153","Red Oak","160-23",2.5,"14:10","<40","low",2,"Emma, Lingshan, Bella"
"154","White Pine","161-1",36.9,"13:55","<40","low",2,"Giselle, Kayleigh"
"155","White Pine","161-1",36.9,"13:55",">40","medium",2,"Giselle, Kayleigh"
"156","White Pine","161-1",36.9,"13:55","out of reach","medium",2,"Giselle, Kayleigh"
"157","White Pine","161-2",19.5,"13:56","<40","medium",2,"Giselle, Kayleigh"
"158","White Pine","161-2",19.5,"13:56",">40","low",2,"Giselle, Kayleigh"
"159","White Pine","161-2",19.5,"13:56","out of reach","low",2,"Giselle, Kayleigh"
"160","White Pine","161-3",42.1,"14:07","<40","high",2,"Giselle, Kayleigh"
"161","White Pine","161-3",42.1,"14:07",">40","low",2,"Giselle, Kayleigh"
"162","White Pine","161-3",42.1,"14:07","out of reach","low",2,"Giselle, Kayleigh"
"163","White Pine","161-4",28.5,"14:29","<40","high",2,"Giselle, Kayleigh"
"164","White Pine","161-4",28.5,"14:29",">40","low",2,"Giselle, Kayleigh"
"165","White Pine","161-4",28.5,"14:29","out of reach","low",2,"Giselle, Kayleigh"
"166","White Pine","161-5",36.3,"14:32","<40","high",2,"Giselle, Kayleigh"
"167","White Pine","161-5",36.3,"14:32",">40","low",2,"Giselle, Kayleigh"
"168","White Pine","161-5",36.3,"14:32","out of reach","low",2,"Giselle, Kayleigh"
"169","White Pine","161-6",29,"14:41","<40","medium",2,"Giselle, Kayleigh"
"170","White Pine","161-6",29,"14:41",">40","medium",2,"Giselle, Kayleigh"
"171","White Pine","161-6",29,"14:41","out of reach","low",2,"Giselle, Kayleigh"
"172","White Pine","161-7",46.2,"14:46","<40","high",2,"Giselle, Kayleigh"
"173","White Pine","161-7",46.2,"14:46",">40","high",2,"Giselle, Kayleigh"
"174","White Pine","161-7",46.2,"14:46","out of reach","low",2,"Giselle, Kayleigh"
"175","White Pine","161-8",40.1,"14:57","<40","high",2,"Giselle, Kayleigh"
"176","White Pine","161-8",40.1,"14:57",">40","medium",2,"Giselle, Kayleigh"
"177","White Pine","161-8",40.1,"14:57","out of reach","low",2,"Giselle, Kayleigh"
"178","White Pine","161-9",43.3,"NA","<40","high",2,"Giselle, Kayleigh"
"179","White Pine","161-9",43.3,"NA",">40","low",2,"Giselle, Kayleigh"
"180","White Pine","161-9",43.3,"NA","out of reach","low",2,"Giselle, Kayleigh"
"181","Red Oak","162-1",48.1,"10:53","<40","high",1,"Kayleigh, Giselle, Georgia C."
"182","Red Oak","162-1",48.1,"10:53",">40","high",1,"Kayleigh, Giselle, Georgia C."
"183","Red Oak","162-1",48.1,"10:53","out of reach","high",1,"Kayleigh, Giselle, Georgia C."
"184","Red Maple","162-2",4.9,"11:03","<40","medium",1,"Kayleigh, Giselle, Georgia C."
"185","Red Maple","162-2",4.9,"11:03",">40","low",1,"Kayleigh, Giselle, Georgia C."
"186","Red Maple","162-2",4.9,"11:03","out of reach","low",1,"Kayleigh, Giselle, Georgia C."
"187","Red Maple","162-3",4,"11:18","<40","low",2,"Kayleigh, Giselle, Georgia C."
"188","Red Maple","162-3",4,"11:18",">40","low",2,"Kayleigh, Giselle, Georgia C."
"189","Red Maple","162-3",4,"11:18","out of reach","low",2,"Kayleigh, Giselle, Georgia C."
"190","White Pine","162-4",31.2,"11:24","<40","low",2,"Kayleigh, Giselle, Georgia C."
"191","White Pine","162-4",31.2,"11:24",">40","low",2,"Kayleigh, Giselle, Georgia C."
"192","White Pine","162-4",31.2,"11:24","out of reach","low",2,"Kayleigh, Giselle, Georgia C."
"193","White Pine","162-5",30.1,"11:26","<40","low",2,"Kayleigh, Giselle, Georgia C."
"194","White Pine","162-5",30.1,"11:26",">40","low",2,"Kayleigh, Giselle, Georgia C."
"195","White Pine","162-5",30.1,"11:26","out of reach","low",2,"Kayleigh, Giselle, Georgia C."
"196","White Pine","162-6",39.8,"11:29","<40","high",2,"Kayleigh, Giselle, Georgia C."
"197","White Pine","162-6",39.8,"11:29",">40","low",2,"Kayleigh, Giselle, Georgia C."
"198","White Pine","162-6",39.8,"11:29","out of reach","low",2,"Kayleigh, Giselle, Georgia C."
"199","Red Oak","162-7",136.7,"11:40","<40","high",2,"Kayleigh, Giselle, Georgia C."
"200","Red Oak","162-7",136.7,"11:40",">40","high",2,"Kayleigh, Giselle, Georgia C."
"201","Red Oak","162-7",136.7,"11:40","out of reach","high",2,"Kayleigh, Giselle, Georgia C."
"202","Red Maple","162-8",16.4,"11:54","<40","low",2,"Kayleigh, Giselle, Georgia C."
"203","Red Maple","162-8",16.4,"11:54",">40","low",2,"Kayleigh, Giselle, Georgia C."
"204","Red Maple","162-8",16.4,"11:54","out of reach","low",2,"Kayleigh, Giselle, Georgia C."
"205","Red Maple","163-1",6.5,"10:51","<40","low",0,"Iris, Marc-Antoine, Emma, Gabriel, Georgia D."
"206","Red Maple","163-2",9,"10:54","<40","medium",0,"Iris, Marc-Antoine, Emma, Gabriel, Georgia D."
"207","Red Maple","163-2",9,"10:54",">40","low",0,"Iris, Marc-Antoine, Emma, Gabriel, Georgia D."
"208","White Pine","163-3",19,"10:56","<40","high",0,"Iris, Marc-Antoine, Emma, Gabriel, Georgia D."
"209","White Pine","163-3",19,"10:56",">40","medium",0,"Iris, Marc-Antoine, Emma, Gabriel, Georgia D."
"210","White Pine","163-4",1,"10:57","<40","low",0,"Iris, Marc-Antoine, Emma, Gabriel, Georgia D."
"211","Red Maple","163-5",2,"10:59","<40","low",0,"Iris, Marc-Antoine, Emma, Gabriel, Georgia D."
"212","Red Maple","163-6",8,"11:00","<40","low",2,"Iris, Marc-Antoine, Emma, Gabriel, Georgia D."
"213","White Pine","163-7",1,"11:05",">40","low",2,"Iris, Marc-Antoine, Emma, Gabriel, Georgia D."
"214","Red Maple","163-8",7,"11:05","<40","low",2,"Iris, Marc-Antoine, Emma, Gabriel, Georgia D."
"215","Red Maple","163-8",7,"11:06",">40","low",2,"Iris, Marc-Antoine, Emma, Gabriel, Georgia D."
"216","Red Maple","163-9",2,"11:07","<40","low",1,"Iris, Marc-Antoine, Emma, Gabriel, Georgia D."
"217","Red Maple","163-10",4,"11:10","<40","medium",2,"Iris, Marc-Antoine, Emma, Gabriel, Georgia D."
"218","Red Oak","163-11",46,"11:12","<40","high",1,"Iris, Marc-Antoine, Emma, Gabriel, Georgia D."
"219","Red Oak","163-11",46,"11:12",">40","high",1,"Iris, Marc-Antoine, Emma, Gabriel, Georgia D."
"220","Red Oak","163-12",33,"11:16","<40","high",2,"Iris, Marc-Antoine, Emma, Gabriel, Georgia D."
"221","Red Oak","163-12",33,"11:16",">40","high",2,"Iris, Marc-Antoine, Emma, Gabriel, Georgia D."
"222","Red Maple","163-13",11,"11:28","<40","low",0,"Iris, Marc-Antoine, Emma, Gabriel, Georgia D."
"223","Red Maple","163-13",11,"11:28",">40","low",0,"Iris, Marc-Antoine, Emma, Gabriel, Georgia D."
"224","White Oak","163-14",12,"11:37","<40","low",2,"Iris, Marc-Antoine, Emma, Gabriel, Georgia D."
"225","White Oak","163-14",12,"11:37",">40",NA,2,"Iris, Marc-Antoine, Emma, Gabriel, Georgia D."
"226","Red Maple","163-15",3,"11:38","<40",NA,3,"Iris, Marc-Antoine, Emma, Gabriel, Georgia D."
"227","Red Maple","163-15",3,"11:38",">40","low",3,"Iris, Marc-Antoine, Emma, Gabriel, Georgia D."
"228","White Pine","163-16",1,"11:39","<40",NA,3,"Iris, Marc-Antoine, Emma, Gabriel, Georgia D."
"229","White Pine","163-16",1,"11:39",">40","low",3,"Iris, Marc-Antoine, Emma, Gabriel, Georgia D."
"230","Red Maple","163-17",3,"11:39","<40","low",3,"Iris, Marc-Antoine, Emma, Gabriel, Georgia D."
"231","Red Maple","163-17",3,"11:39",">40","low",3,"Iris, Marc-Antoine, Emma, Gabriel, Georgia D."
"232","Red Maple","163-18",8.5,"11:41","<40","low",3,"Iris, Marc-Antoine, Emma, Gabriel, Georgia D."
"233","Red Maple","163-18",8.5,"11:41",">40","low",3,"Iris, Marc-Antoine, Emma, Gabriel, Georgia D."
"234","Red Maple","163-19",7,"11:42","<40","low",NA,"Iris, Marc-Antoine, Emma, Gabriel, Georgia D."
"235","Red Maple","163-19",7,"11:42",">40","low",NA,"Iris, Marc-Antoine, Emma, Gabriel, Georgia D."
"236","Red Maple","163-20",11,"11:45","<40","medium",NA,"Iris, Marc-Antoine, Emma, Gabriel, Georgia D."
"237","Red Maple","163-20",11,"11:45","<40","medium",NA,"Iris, Marc-Antoine, Emma, Gabriel, Georgia D."
"238","Red Maple","163-21",22,"11:46",">40","medium",3,"Iris, Marc-Antoine, Emma, Gabriel, Georgia D."
"239","White Pine","163-22",17,"11:53","<40","high",0,"Iris, Marc-Antoine, Emma, Gabriel, Georgia D."
"240","White Pine","163-22",17,"11:53",">40","low",0,"Iris, Marc-Antoine, Emma, Gabriel, Georgia D."
"241","White Pine","163-23",14,"11:56","<40","high",3.5,"Iris, Marc-Antoine, Emma, Gabriel, Georgia D."
"242","White Pine","163-23",14,"11:56",">40","low",3.5,"Iris, Marc-Antoine, Emma, Gabriel, Georgia D."
"243","Red Maple","163-24",8,"11:57","<40","low",1,"Iris, Marc-Antoine, Emma, Gabriel, Georgia D."
"244","Red Maple","163-24",8,"11:57",">40","low",1,"Iris, Marc-Antoine, Emma, Gabriel, Georgia D."
"245","Red Oak","163-25",52,"12:01","<40","high",1,"Iris, Marc-Antoine, Emma, Gabriel, Georgia D."
"246","Red Oak","163-25",52,"12:01",">40","low",1,"Iris, Marc-Antoine, Emma, Gabriel, Georgia D."
"247","Red Maple","163-26",11,"12:06","<40","low",1,"Iris, Marc-Antoine, Emma, Gabriel, Georgia D."
"248","Red Maple","163-26",11,"12:06",">40","low",1,"Iris, Marc-Antoine, Emma, Gabriel, Georgia D."
"249","White Pine","164-1",61.3,"15:30","<40","high",2,"Giselle, Kayleigh"
"250","White Pine","164-1",61.3,"15:30",">40","medium",2,"Giselle, Kayleigh"
"251","White Pine","164-1",61.3,"15:30","out of reach","low",2,"Giselle, Kayleigh"
"252","White Pine","164-2",38.1,"15:41","<40","low",1,"Giselle, Kayleigh"
"253","White Pine","164-2",38.1,"15:41",">40","low",1,"Giselle, Kayleigh"
"254","White Pine","164-2",38.1,"15:41","out of reach","low",1,"Giselle, Kayleigh"
"255","White Pine","164-3",60.8,"15:50","<40","high",1,"Giselle, Kayleigh"
"256","White Pine","164-3",60.8,"15:50",">40","medium",1,"Giselle, Kayleigh"
"257","White Pine","164-3",60.8,"15:50","out of reach","low",1,"Giselle, Kayleigh"
"258","White Pine","164-4",25.1,"15:55","<40",NA,2,"Giselle, Kayleigh"
"259","White Pine","164-4",25.1,"15:55",">40","low",2,"Giselle, Kayleigh"
"260","White Pine","164-4",25.1,"15:55","out of reach","low",2,"Giselle, Kayleigh"
"261","Red Maple","164-5",5.9,"16:02","<40","low",1,"Giselle, Kayleigh"
"262","Red Maple","164-5",5.9,"16:02",">40","low",1,"Giselle, Kayleigh"
"263","Red Maple","164-5",5.9,"16:02","out of reach","low",1,"Giselle, Kayleigh"
"264","Red Maple","164-6",7.7,"16:08","<40","low",1,"Giselle, Kayleigh"
"265","Red Maple","164-6",7.7,"16:08",">40","low",1,"Giselle, Kayleigh"
"266","Red Maple","164-6",7.7,"16:08","out of reach","low",1,"Giselle, Kayleigh"
"267","Red Maple","164-7",7.7,"16:10","<40","medium",2,"Giselle, Kayleigh"
"268","Red Maple","164-7",7.7,"16:10",">40","low",2,"Giselle, Kayleigh"
"269","Red Maple","164-7",7.7,"16:10","out of reach","low",2,"Giselle, Kayleigh"
"270","Red Maple","164-8",7.7,"16:12","<40","low",2,"Giselle, Kayleigh"
"271","Red Maple","164-8",7.7,"16:12",">40","low",2,"Giselle, Kayleigh"
"272","Red Maple","164-8",7.7,"16:12","out of reach","low",2,"Giselle, Kayleigh"
"273","Red Maple","164-9",2.4,"16:15","<40","low",NA,"Giselle, Kayleigh"
"274","Red Maple","164-9",2.4,"16:15",">40","low",NA,"Giselle, Kayleigh"
"275","Red Maple","164-9",2.4,"16:15","out of reach","low",NA,"Giselle, Kayleigh"
"276","White Pine","165-1",38,"13:54","<40","high",0,"Georgia D., Iris"
"277","White Pine","165-1",38,"13:54",">40","low",0,"Georgia D., Iris"
"278","White Pine","165-2",17.5,"13:56","<40","low",1,"Georgia D., Iris"
"279","White Pine","165-2",17.5,"13:56",">40","low",1,"Georgia D., Iris"
"280","Pine","165-3",21,"13:59","<40","medium",1,"Georgia D., Iris"
"281","Ash","165-4",49.5,"14:03","<40","high",1,"Georgia D., Iris"
"282","Ash","165-4",49.5,"14:03",">40","medium",1,"Georgia D., Iris"
"283","Red Maple","165-5",18,"14:11","<40","high",NA,"Georgia D., Iris"
"284","Red Maple","165-5",18,"14:11",">40","medium",NA,"Georgia D., Iris"
"285","Red Maple","165-6",1,"14:26","<40","low",2,"Georgia D., Iris"
"286","Red Maple","165-6",1,"14:16",">40","low",2,"Georgia D., Iris"
"287","White Pine","165-7",38,"14:17","<40","high",0,"Georgia D., Iris"
"288","White Pine","165-7",38,"14:17",">40","low",0,"Georgia D., Iris"
"289","Red Maple","165-8",1.5,"14:22","<40","low",2,"Georgia D., Iris"
"290","Red Maple","165-8",1.5,"14:22",">40","high",2,"Georgia D., Iris"
"291","Red Maple","165-9",1,"14:23","<40","low",2,"Georgia D., Iris"
"292","Red Maple","165-10",1,"14:26","<40","low",1,"Georgia D., Iris"
"293","White Pine","165-11",35.5,"14:27","<40","high",2,"Georgia D., Iris"
"294","White Pine","165-11",35.5,"14:27",">40","low",2,"Georgia D., Iris"
"295","Red Maple","165-12",2,"14:29","<40","low",2,"Georgia D., Iris"
"296","Red Maple","165-12",2,"14:29",">40","low",2,"Georgia D., Iris"
"297","Red Maple","165-13",5,"14:30","<40","low",NA,"Georgia D., Iris"
"298","Red Maple","165-13",5,"14:30",">40","low",NA,"Georgia D., Iris"
"299","Red Maple","165-14",2.5,"14:31","<40","low",1,"Georgia D., Iris"
"300","Red Maple","165-15",5,"14:32","<40","medium",1,"Georgia D., Iris"
"301","Red Maple","165-15",5,"14:32",">40","low",1,"Georgia D., Iris"
"302","White Pine","165-16",43,"14:33","<40","low",1,"Georgia D., Iris"
"303","White Pine","165-16",43,"14:33",">40","high",1,"Georgia D., Iris"
"304","White Pine","165-17",38.5,"14:35","<40","high",0,"Georgia D., Iris"
"305","White Pine","165-17",38.5,"14:35",">40","high",0,"Georgia D., Iris"
"306","Red Maple","165-18",1,"14:41","<40","low",1,"Georgia D., Iris"
"307","Red Oak","165-19",180,"14:47","<40","high",0,"Georgia D., Iris"
"308","Red Oak","165-19",180,"14:47",">40","high",0,"Georgia D., Iris"
"309","Red Maple","165-20",5.5,"15:02","<40","medium",2,"Georgia D., Iris"
"310","Red Maple","165-20",5.5,"15:02",">40","low",2,"Georgia D., Iris"
"311","Red Oak","165-21",81,"15:07","<40","high",1,"Georgia D., Iris"
"312","Red Oak","165-21",81,"15:07",">40","low",1,"Georgia D., Iris"
"313","Red Maple","167-1",2.5,"14:00","<40","low",1,"Marie-Eve, Marc-Antoine"
"314","White Pine","167-2",152,"14:05","<40","high",1,"Marie-Eve, Marc-Antoine"
"315","White Pine","167-2",152,"14:05",">40",NA,1,"Marie-Eve, Marc-Antoine"
"316","White Pine","167-3",116,"14:10","<40","low",0,"Marie-Eve, Marc-Antoine"
"317","White Pine","167-3",116,"14:10",">40",NA,0,"Marie-Eve, Marc-Antoine"
"318","White Pine","167-4",113,"14:35","<40","low",2,"Marie-Eve, Marc-Antoine"
"319","White Pine","167-4",113,"14:35",">40","low",2,"Marie-Eve, Marc-Antoine"
"320","Red Oak","167-5",10.1,"14:25","<40","low",2,"Marie-Eve, Marc-Antoine"
"321","Red Oak","167-5",10.1,"14:25",">40","low",2,"Marie-Eve, Marc-Antoine"
"322","Red Oak","167-6",9,"14:30","<40","low",1,"Marie-Eve, Marc-Antoine"
"323","Red Maple","167-7",1.6,"14:40","<40",NA,2,"Marie-Eve, Marc-Antoine"
"324","White Pine","167-8",1.5,"14:42","<40","low",2.5,"Marie-Eve, Marc-Antoine"
"325","White Pine","167-8",1.5,"14:42",">40",NA,2.5,"Marie-Eve, Marc-Antoine"
"326","White Pine","167-9",1.5,"14:42","<40","low",2.5,"Marie-Eve, Marc-Antoine"
"327","White Pine","167-10",120,"14:44","<40",NA,1,"Marie-Eve, Marc-Antoine"
"328","White Pine","167-10",120,"14:44",">40","low",1,"Marie-Eve, Marc-Antoine"
"329","White Pine","167-11",138,"14:47","<40","medium",1,"Marie-Eve, Marc-Antoine"
"330","White Pine","167-11",138,"14:47",">40","low",1,"Marie-Eve, Marc-Antoine"
"331","White Pine","167-12",156,"14:57","<40","high",0,"Marie-Eve, Marc-Antoine"
"332","White Pine","167-12",156,"14:57",">40","low",0,"Marie-Eve, Marc-Antoine"
"333","Birch","167-13",2,"15:01","<40","low",1,"Marie-Eve, Marc-Antoine"
"334","White Pine","167-14",1,"15:01","<40",NA,1,"Marie-Eve, Marc-Antoine"
"335","White Pine","167-14",1,"15:01",">40","low",1,"Marie-Eve, Marc-Antoine"
"336","White Pine","167-15",1.7,"15:06","<40","medium",1,"Marie-Eve, Marc-Antoine"
"337","White Pine","167-15",1.7,"15:06",">40","low",1,"Marie-Eve, Marc-Antoine"
"338","Red Oak","167-16",1.2,"15:12","<40","low",NA,"Marie-Eve, Marc-Antoine"
"339","Red Oak","167-16",1.2,"15:12",">40","low",NA,"Marie-Eve, Marc-Antoine"
"340","Pine","167-17",72,"NA","<40","high",1,"Marie-Eve, Marc-Antoine"
"341","Pine","167-17",72,"NA",">40","high",1,"Marie-Eve, Marc-Antoine"
"342","Pine","167-17",72,"NA","out of reach","high",1,"Marie-Eve, Marc-Antoine"
"343","Red Maple","167-18",10,"15:16","<40","low",2,"Marie-Eve, Marc-Antoine"
"344","Red Maple","167-18",10,"15:16",">40","low",2,"Marie-Eve, Marc-Antoine"
"345","Pine","167-19",31.5,"NA","<40","high",2,"Marie-Eve, Marc-Antoine"
"346","Pine","167-19",31.5,"NA",">40","low",2,"Marie-Eve, Marc-Antoine"
"347","Pine","167-19",31.5,"NA","out of reach","medium",2,"Marie-Eve, Marc-Antoine"
"348","American Beech","167-20",60.5,"15:20","<40","medium",2,"Marie-Eve, Marc-Antoine"
"349","American Beech","167-20",60.5,"15:20",">40","high",2,"Marie-Eve, Marc-Antoine"
"350","Pine","167-21",33.5,"NA","<40","high",1,"Marie-Eve, Marc-Antoine"
"351","Pine","167-21",33.5,"NA",">40","low",1,"Marie-Eve, Marc-Antoine"
"352","Pine","167-21",33.5,"NA","out of reach","low",1,"Marie-Eve, Marc-Antoine"
"353","White Pine","167-22",80.5,"15:23","<40","high",2,"Marie-Eve, Marc-Antoine"
"354","White Pine","167-22",80.5,"15:23",">40","high",2,"Marie-Eve, Marc-Antoine"
"355","Beech","167-23",7,"15:36","<40","low",2,"Marie-Eve, Marc-Antoine"
"356","Beech","167-23",7,"15:36",">40",NA,2,"Marie-Eve, Marc-Antoine"
"357","Red Maple","167-24",1,"15:29","<40","low",NA,"Marie-Eve, Marc-Antoine"
"358","White Pine","167-25",220,"15:52","<40","high",0,"Marie-Eve, Marc-Antoine"
"359","White Pine","167-25",220,"15:52",">40","high",0,"Marie-Eve, Marc-Antoine"
"360","Beech","167-26",45,"15:45","<40","low",2,"Marie-Eve, Marc-Antoine"
"361","Beech","167-26",45,"15:45",">40","low",2,"Marie-Eve, Marc-Antoine"
"362","White Pine","167-27",60.5,"15:42","<40","low",2,"Marie-Eve, Marc-Antoine"
"363","White Pine","167-27",60.5,"15:42",">40","high",2,"Marie-Eve, Marc-Antoine"
"364","Red Maple","167-28",2,"15:40","<40","low",1.5,"Marie-Eve, Marc-Antoine"
"365","Maple","168-1",25,"14:00","<40","high",2,"Georgia C., Noa"
"366","Maple","168-1",25,"14:00",">40","low",2,"Georgia C., Noa"
"367","Maple","168-1",25,"14:00","out of reach","high",2,"Georgia C., Noa"
"368","Pine","168-2",36.5,"14:00","<40","high",1,"Georgia C., Noa"
"369","Pine","168-2",36.5,"14:00",">40","low",1,"Georgia C., Noa"
"370","Pine","168-2",36.5,"14:00","out of reach","high",1,"Georgia C., Noa"
"371","Pine","168-3",29,"14:00","<40","medium",2,"Georgia C., Noa"
"372","Pine","168-3",29,"14:00",">40","low",2,"Georgia C., Noa"
"373","Pine","168-3",29,"14:00","out of reach","high",2,"Georgia C., Noa"
"374","Pine","168-4",11.5,"14:00","<40","low",1,"Georgia C., Noa"
"375","Pine","168-4",11.5,"14:00",">40",NA,1,"Georgia C., Noa"
"376","Pine","168-4",11.5,"14:00","out of reach",NA,1,"Georgia C., Noa"
"377","Maple","168-5",40,"14:00","<40","high",0,"Georgia C., Noa"
"378","Maple","168-5",40,"14:00",">40","low",0,"Georgia C., Noa"
"379","Maple","168-5",40,"14:00","out of reach",NA,0,"Georgia C., Noa"
"380","Oak","168-6",69.5,"14:00","<40","high",1,"Georgia C., Noa"
"381","Oak","168-6",69.5,"14:00",">40","medium",1,"Georgia C., Noa"
"382","Oak","168-6",69.5,"14:00","out of reach","high",1,"Georgia C., Noa"
"383","Oak","168-7",15,"14:00","<40","medium",0,"Georgia C., Noa"
"384","Oak","168-7",15,"14:00",">40","low",0,"Georgia C., Noa"
"385","Oak","168-7",15,"14:00","out of reach",NA,0,"Georgia C., Noa"
"386","Oak","168-8",23.5,"14:00","<40","high",0,"Georgia C., Noa"
"387","Oak","168-8",23.5,"14:00",">40","low",0,"Georgia C., Noa"
"388","Oak","168-8",23.5,"14:00","out of reach",NA,0,"Georgia C., Noa"
"389","Pine","168-9",8,"14:00","<40","low",2,"Georgia C., Noa"
"390","Pine","168-9",8,"14:00",">40","low",2,"Georgia C., Noa"
"391","Pine","168-9",8,"14:00","out of reach","low",2,"Georgia C., Noa"
"392","Oak","168-10",81,"14:00","<40","high",0,"Georgia C., Noa"
"393","Oak","168-10",81,"14:00",">40","high",0,"Georgia C., Noa"
"394","Oak","168-10",81,"14:00","out of reach","high",0,"Georgia C., Noa"
"395","Pine","168-11",22,"14:00","<40","low",1,"Georgia C., Noa"
"396","Pine","168-11",22,"14:00",">40",NA,1,"Georgia C., Noa"
"397","Pine","168-11",22,"14:00","out of reach",NA,1,"Georgia C., Noa"
"398","Pine","168-12",42.5,"14:00","<40","medium",2,"Georgia C., Noa"
"399","Pine","168-12",42.5,"14:00",">40","low",2,"Georgia C., Noa"
"400","Pine","168-12",42.5,"14:00","out of reach","high",2,"Georgia C., Noa"
"401","Birch","168-13",4,"14:00","<40",NA,1,"Georgia C., Noa"
"402","Birch","168-13",4,"14:00",">40","low",1,"Georgia C., Noa"
"403","Birch","168-13",4,"14:00","out of reach",NA,1,"Georgia C., Noa"
"404","Maple","168-14",2.5,"14:00","<40",NA,2,"Georgia C., Noa"
"405","Maple","168-14",2.5,"14:00",">40","low",2,"Georgia C., Noa"
"406","Maple","168-14",2.5,"14:00","out of reach",NA,2,"Georgia C., Noa"
"407","Pine","168-15",46.5,"14:00","<40","high",1,"Georgia C., Noa"
"408","Pine","168-15",46.5,"14:00",">40","medium",1,"Georgia C., Noa"
"409","Pine","168-15",46.5,"14:00","out of reach","high",1,"Georgia C., Noa"
"410","Pine","168-16",22,"14:00","<40","medium",2,"Georgia C., Noa"
"411","Pine","168-16",22,"14:00",">40","low",2,"Georgia C., Noa"
"412","Pine","168-16",22,"14:00","out of reach","medium",2,"Georgia C., Noa"
"413","Pine","168-17",41.5,"14:00","<40","low",1,"Georgia C., Noa"
"414","Pine","168-17",41.5,"14:00",">40","low",1,"Georgia C., Noa"
"415","Pine","168-17",41.5,"14:00","out of reach","medium",1,"Georgia C., Noa"
"416","Pine","168-18",12,"14:00","<40",NA,1,"Georgia C., Noa"
"417","Pine","168-18",12,"14:00",">40","low",1,"Georgia C., Noa"
"418","Pine","168-18",12,"14:00","out of reach",NA,1,"Georgia C., Noa"
"419","Pine","168-19",46.5,"14:00","<40","medium",1,"Georgia C., Noa"
"420","Pine","168-19",46.5,"14:00",">40","medium",1,"Georgia C., Noa"
"421","Pine","168-19",46.5,"14:00","out of reach","medium",1,"Georgia C., Noa"
"422","Oak","168-20",84,"14:00","<40","high",0,"Georgia C., Noa"
"423","Oak","168-20",84,"14:00",">40","high",0,"Georgia C., Noa"
"424","Oak","168-20",84,"14:00","out of reach","medium",0,"Georgia C., Noa"
"425","Pine","168-21",26.5,"14:00","<40","high",1,"Georgia C., Noa"
"426","Pine","168-21",26.5,"14:00",">40","low",1,"Georgia C., Noa"
"427","Pine","168-21",26.5,"14:00","out of reach","low",1,"Georgia C., Noa"
"428","Maple","168-22",3.5,"14:00","<40","low",2,"Georgia C., Noa"
"429","Maple","168-22",3.5,"14:00",">40",NA,2,"Georgia C., Noa"
"430","Maple","168-22",3.5,"14:00","out of reach",NA,2,"Georgia C., Noa"
"431","Pine","168-23",2,"14:00","<40","low",2,"Georgia C., Noa"
"432","Pine","168-23",2,"14:00",">40",NA,2,"Georgia C., Noa"
"433","Pine","168-23",2,"14:00","out of reach",NA,2,"Georgia C., Noa"
"434","Maple","168-24",1,"14:00","<40","low",2,"Georgia C., Noa"
"435","Maple","168-24",1,"14:00",">40",NA,2,"Georgia C., Noa"
"436","Maple","168-24",1,"14:00","out of reach",NA,2,"Georgia C., Noa"
"437","Oak","171-14",54.5,"14:00","<40","medium",0,"Georgia C., Noa"
"438","Oak","171-14",54.5,"14:00",">40","low",0,"Georgia C., Noa"
"439","Oak","171-14",54.5,"14:00","out of reach","medium",0,"Georgia C., Noa"
"440","Maple","171-15",3,"14:00","<40",NA,1,"Georgia C., Noa"
"441","Maple","171-15",3,"14:00",">40","low",1,"Georgia C., Noa"
"442","Maple","171-15",3,"14:00","out of reach",NA,1,"Georgia C., Noa"
"443","Pine","171-16",55.6,"14:00","<40","high",0,"Georgia C., Noa"
"444","Pine","171-16",55.6,"14:00",">40","medium",0,"Georgia C., Noa"
"445","Pine","171-16",55.6,"14:00","out of reach","high",0,"Georgia C., Noa"
"446","Maple","171-17",1,"14:00","<40","low",1,"Georgia C., Noa"
"447","Maple","171-17",1,"14:00",">40",NA,1,"Georgia C., Noa"
"448","Maple","171-17",1,"14:00","out of reach",NA,1,"Georgia C., Noa"
"449","Birch","171-18",1,"14:00","<40","low",2,"Georgia C., Noa"
"450","Birch","171-18",1,"14:00",">40",NA,2,"Georgia C., Noa"
"451","Birch","171-18",1,"14:00","out of reach",NA,2,"Georgia C., Noa"
"452","Birch","171-19",2,"14:00","<40","low",2,"Georgia C., Noa"
"453","bbi","171-19",2,"14:00",">40",NA,2,"Georgia C., Noa"
"454","Birch","171-19",2,"14:00","out of reach",NA,2,"Georgia C., Noa"
"455","Pine","171-20",3,"14:00","<40","low",2,"Georgia C., Noa"
"456","Pine","171-20",3,"14:00",">40","low",2,"Georgia C., Noa"
"457","Pine","171-20",3,"14:00","out of reach",NA,2,"Georgia C., Noa"
"458","Pine","171-21",3,"14:00","<40","low",2,"Georgia C., Noa"
"459","Pine","171-21",3,"14:00",">40","low",2,"Georgia C., Noa"
"460","Pine","171-21",3,"14:00","out of reach",NA,2,"Georgia C., Noa"
"461","Pine","171-22",3,"14:00","<40","low",2,"Georgia C., Noa"
"462","Pine","171-22",3,"14:00",">40",NA,2,"Georgia C., Noa"
"463","Pine","171-22",3,"14:00","out of reach",NA,2,"Georgia C., Noa"
"464","Hackberry","171-23",1,"14:00","<40",NA,2,"Georgia C., Noa"
"465","Hackberry","171-23",1,"14:00",">40","low",2,"Georgia C., Noa"
"466","Hackberry","171-23",1,"14:00","out of reach",NA,2,"Georgia C., Noa"
"467","Oak","171-9",41,"14:00","<40","high",1,"Georgia C., Noa"
"468","Oak","171-9",41,"14:00",">40","low",1,"Georgia C., Noa"
"469","Oak","171-9",41,"14:00","out of reach","high",1,"Georgia C., Noa"
"470","Pine","171-10",3,"14:00","<40","low",1,"Georgia C., Noa"
"471","Pine","171-10",3,"14:00",">40","low",1,"Georgia C., Noa"
"472","Pine","171-10",3,"14:00","out of reach",NA,1,"Georgia C., Noa"
"473","Pine","171-11",3,"14:00","<40","low",2,"Georgia C., Noa"
"474","Pine","171-11",3,"14:00",">40","low",2,"Georgia C., Noa"
"475","Pine","171-11",3,"14:00","out of reach","low",2,"Georgia C., Noa"
"476","Pine","171-12",14,"14:00","<40","low",1,"Georgia C., Noa"
"477","Pine","171-12",14,"14:00",">40",NA,1,"Georgia C., Noa"
"478","Pine","171-12",14,"14:00","out of reach",NA,1,"Georgia C., Noa"
"479","Maple","171-13",2,"14:00","<40","low",1,"Georgia C., Noa"
"480","Maple","171-13",2,"14:00",">40","low",1,"Georgia C., Noa"
"481","Maple","171-13",2,"14:00","out of reach",NA,1,"Georgia C., Noa"
"482","White Pine","170-1",43,"14:26","<40","high",0,"Bella, Lingshan, Emma"
"483","White Pine","170-1",43,"14:26",">40","low",0,"Bella, Lingshan, Emma"
"484","White Pine","170-2",55.5,"14:32","<40","high",2,"Bella, Lingshan, Emma"
"485","White Pine","170-2",55.5,"14:32",">40","low",2,"Bella, Lingshan, Emma"
"486","Red Oak","170-3",2.5,"14:47","<40","low",1,"Bella, Lingshan, Emma"
"487","Red Oak","170-4",2.5,"14:50","<40","low",1,"Bella, Lingshan, Emma"
"488","Red Oak","170-5",2.5,"14:51","<40","low",2,"Bella, Lingshan, Emma"
"489","White Pine","170-6",44.3,"14:52","<40","high",2,"Bella, Lingshan, Emma"
"490","White Pine","170-6",44.3,"14:52",">40","medium",2,"Bella, Lingshan, Emma"
"491","White Pine","170-7",23.3,"15:00","<40","high",2,"Bella, Lingshan, Emma"
"492","White Pine","170-7",23.3,"15:00",">40","low",2,"Bella, Lingshan, Emma"
"493","Red Maple","170-8",26.2,"15:04","<40","medium",0,"Bella, Lingshan, Emma"
"494","Red Maple","170-8",26.2,"15:04",">40","low",0,"Bella, Lingshan, Emma"
"495","Hackberry","170-9",2.5,"15:45","<40","low",2,"Bella, Lingshan, Emma"
"496","Red Oak","170-10",2.5,"15:10","<40",NA,2,"Bella, Lingshan, Emma"
"497","Red Oak","170-10",2.5,"15:10",">40","low",2,"Bella, Lingshan, Emma"
"498","Hackberry","170-11",2.5,"15:17","<40","low",2,"Bella, Lingshan, Emma"
"499","White Pine","170-12",23.2,"15:20","<40","low",0,"Bella, Lingshan, Emma"
"500","White Pine","170-12",23.2,"15:20",">40",NA,0,"Bella, Lingshan, Emma"
"501","Red Oak","170-13",2.5,"15:22","<40",NA,1,"Bella, Lingshan, Emma"
"502","Red Oak","170-13",2.5,"15:22",">40","low",1,"Bella, Lingshan, Emma"
"503","White Pine","170-14",26.9,"15:24","<40","low",1,"Bella, Lingshan, Emma"
"504","White Pine","170-14",26.9,"15:24",">40",NA,1,"Bella, Lingshan, Emma"
"505","White Pine","170-15",20.2,"15:30","<40","low",2,"Bella, Lingshan, Emma"
"506","White Pine","170-15",20.2,"15:30",">40","low",2,"Bella, Lingshan, Emma"
"507","Beech","170-16",10.6,"15:35","<40","high",2,"Bella, Lingshan, Emma"
"508","Beech","170-16",10.6,"15:35",">40","low",2,"Bella, Lingshan, Emma"
"509","Red Maple","170-17",10.2,"15:43","<40","medium",1,"Bella, Lingshan, Emma"
"510","Red Maple","170-17",10.2,"15:43",">40","low",1,"Bella, Lingshan, Emma"
"511","Red Oak","170-18",2.5,"15:41","<40","low",0,"Bella, Lingshan, Emma"
